{"cameraMode":{"drawMode":0,"name":"Shaded","section":"Shading Mode"},"sceneLighting":true,"audioPlay":false,"sceneViewState":{"m_AlwaysRefresh":false,"showFog":true,"showSkybox":true,"showFlares":true,"showImageEffects":true,"showParticleSystems":true,"showVisualEffectGraphs":true,"m_FxEnabled":true},"in2DMode":false,"pivot":{"x":-1.8529411554336548,"y":4.893654823303223,"z":16.546527862548829},"rotation":{"x":-0.21103210747241975,"y":-0.32150977849960329,"z":0.07335938513278961,"w":-0.9202824831008911},"size":3.9695303440093996,"orthographic":true}